red hot chili peppers rhcp,rock
pink floyd пинк флойд,rock
рок rock роцк,rock
chuck berry jimmy hendrix joe satriani,rock
элеткрогитары ударные,rock
сплин ддт машина времени, rock
агата кристи король и шут, rock
бетховен моцарт cебастьян бах,classic
чайковский балет,classic
опера увертюра этюд,classic
мюзикл спектакль,classic
классика классическая классической классик,classic
джузеппе вивальди глинка мусоргский,classic
егор крид,pop
тимати blackstar,pop
лобода мот,pop
русский поп много попса,pop
alekseev барских,pop
lady gaga гага,pop
maroon sia weeknd jay-z,pop
imagine dragons selena gomez,pop
justin bieber бибер,pop
зарубежный поп,pop